{
  "accuracy": 0.9977905435262925,
  "precision_weighted": 0.9978475833983552,
  "recall_weighted": 0.9977905435262925,
  "f1_weighted": 0.9978035565708984,
  "precision": 0.9978475833983552,
  "recall": 0.9977905435262925,
  "f1": 0.9978035565708984,
  "precision_macro": 0.9732697682780487,
  "recall_macro": 0.9980650154798761,
  "f1_macro": 0.9842735223890389,
  "precision_micro": 0.9977905435262925,
  "recall_micro": 0.9977905435262925,
  "f1_micro": 0.9977905435262925,
  "confusion_matrix": [
    [
      4,
      0,
      0,
      0,
      0,
      0,
      0,
      0
    ],
    [
      0,
      645,
      0,
      0,
      1,
      0,
      0,
      0
    ],
    [
      0,
      0,
      646,
      0,
      0,
      0,
      0,
      0
    ],
    [
      0,
      0,
      0,
      646,
      0,
      0,
      0,
      0
    ],
    [
      1,
      5,
      0,
      0,
      640,
      0,
      0,
      0
    ],
    [
      0,
      0,
      0,
      1,
      0,
      645,
      0,
      0
    ],
    [
      0,
      2,
      0,
      0,
      0,
      0,
      644,
      0
    ],
    [
      0,
      0,
      0,
      0,
      0,
      0,
      0,
      646
    ]
  ],
  "classification_report": {
    "Normal": {
      "precision": 0.8,
      "recall": 1.0,
      "f1-score": 0.8888888888888888,
      "support": 4.0
    },
    "InitialAccess": {
      "precision": 0.9892638036809815,
      "recall": 0.9984520123839009,
      "f1-score": 0.9938366718027735,
      "support": 646.0
    },
    "PrivilegeEscalation": {
      "precision": 1.0,
      "recall": 1.0,
      "f1-score": 1.0,
      "support": 646.0
    },
    "Persistence": {
      "precision": 0.9984544049459042,
      "recall": 1.0,
      "f1-score": 0.9992266047950503,
      "support": 646.0
    },
    "LateralMovement": {
      "precision": 0.9984399375975039,
      "recall": 0.9907120743034056,
      "f1-score": 0.9945609945609946,
      "support": 646.0
    },
    "ContainerEscape": {
      "precision": 1.0,
      "recall": 0.9984520123839009,
      "f1-score": 0.9992254066615027,
      "support": 646.0
    },
    "DataExfiltration": {
      "precision": 1.0,
      "recall": 0.9969040247678018,
      "f1-score": 0.9984496124031008,
      "support": 646.0
    },
    "Misconfiguration": {
      "precision": 1.0,
      "recall": 1.0,
      "f1-score": 1.0,
      "support": 646.0
    },
    "accuracy": 0.9977905435262925,
    "macro avg": {
      "precision": 0.9732697682780487,
      "recall": 0.9980650154798761,
      "f1-score": 0.9842735223890389,
      "support": 4526.0
    },
    "weighted avg": {
      "precision": 0.9978475833983552,
      "recall": 0.9977905435262925,
      "f1-score": 0.9978035565708984,
      "support": 4526.0
    }
  },
  "per_class": {
    "Normal": {
      "label_id": 0,
      "precision": 0.8,
      "recall": 1.0,
      "f1": 0.8888888888888888,
      "support": 4,
      "true_count": 4,
      "pred_count": 5
    },
    "InitialAccess": {
      "label_id": 1,
      "precision": 0.9892638036809815,
      "recall": 0.9984520123839009,
      "f1": 0.9938366718027735,
      "support": 646,
      "true_count": 646,
      "pred_count": 652
    },
    "PrivilegeEscalation": {
      "label_id": 2,
      "precision": 1.0,
      "recall": 1.0,
      "f1": 1.0,
      "support": 646,
      "true_count": 646,
      "pred_count": 646
    },
    "Persistence": {
      "label_id": 3,
      "precision": 0.9984544049459042,
      "recall": 1.0,
      "f1": 0.9992266047950503,
      "support": 646,
      "true_count": 646,
      "pred_count": 647
    },
    "LateralMovement": {
      "label_id": 4,
      "precision": 0.9984399375975039,
      "recall": 0.9907120743034056,
      "f1": 0.9945609945609946,
      "support": 646,
      "true_count": 646,
      "pred_count": 641
    },
    "ContainerEscape": {
      "label_id": 5,
      "precision": 1.0,
      "recall": 0.9984520123839009,
      "f1": 0.9992254066615027,
      "support": 646,
      "true_count": 646,
      "pred_count": 645
    },
    "DataExfiltration": {
      "label_id": 6,
      "precision": 1.0,
      "recall": 0.9969040247678018,
      "f1": 0.9984496124031008,
      "support": 646,
      "true_count": 646,
      "pred_count": 644
    },
    "Misconfiguration": {
      "label_id": 7,
      "precision": 1.0,
      "recall": 1.0,
      "f1": 1.0,
      "support": 646,
      "true_count": 646,
      "pred_count": 646
    }
  },
  "ground_truth_distribution": {
    "Normal": {
      "count": 4,
      "ratio": 0.0008837825894829872
    },
    "InitialAccess": {
      "count": 646,
      "ratio": 0.14273088820150243
    },
    "PrivilegeEscalation": {
      "count": 646,
      "ratio": 0.14273088820150243
    },
    "Persistence": {
      "count": 646,
      "ratio": 0.14273088820150243
    },
    "LateralMovement": {
      "count": 646,
      "ratio": 0.14273088820150243
    },
    "ContainerEscape": {
      "count": 646,
      "ratio": 0.14273088820150243
    },
    "DataExfiltration": {
      "count": 646,
      "ratio": 0.14273088820150243
    },
    "Misconfiguration": {
      "count": 646,
      "ratio": 0.14273088820150243
    }
  },
  "prediction_distribution": {
    "Normal": {
      "count": 5,
      "ratio": 0.001104728236853734
    },
    "InitialAccess": {
      "count": 652,
      "ratio": 0.14405656208572692
    },
    "PrivilegeEscalation": {
      "count": 646,
      "ratio": 0.14273088820150243
    },
    "Persistence": {
      "count": 647,
      "ratio": 0.14295183384887317
    },
    "LateralMovement": {
      "count": 641,
      "ratio": 0.1416261599646487
    },
    "ContainerEscape": {
      "count": 645,
      "ratio": 0.14250994255413169
    },
    "DataExfiltration": {
      "count": 644,
      "ratio": 0.14228899690676095
    },
    "Misconfiguration": {
      "count": 646,
      "ratio": 0.14273088820150243
    }
  },
  "auc": 0.9999839344989216,
  "roc": {
    "Normal": {
      "fpr": [
        0.0,
        0.0,
        0.00022114108801415304,
        0.00022114108801415304,
        0.06125608137992039,
        0.061698363555948696,
        0.46196373286156567,
        0.462406015037594,
        0.7525431225121627,
        0.7529854046881911,
        1.0
      ],
      "tpr": [
        0.0,
        0.5,
        0.5,
        1.0,
        1.0,
        1.0,
        1.0,
        1.0,
        1.0,
        1.0,
        1.0
      ]
    },
    "InitialAccess": {
      "fpr": [
        0.0,
        0.0,
        0.0,
        0.0018041237113402063,
        0.0018041237113402063,
        1.0
      ],
      "tpr": [
        0.0,
        0.9969040247678018,
        0.9984520123839009,
        0.9984520123839009,
        1.0,
        1.0
      ]
    },
    "PrivilegeEscalation": {
      "fpr": [
        0.0,
        0.0,
        0.0,
        0.0,
        0.0,
        0.6739690721649485,
        0.6744845360824743,
        1.0
      ],
      "tpr": [
        0.0,
        0.0030959752321981426,
        0.9767801857585139,
        0.9969040247678018,
        1.0,
        1.0,
        1.0,
        1.0
      ]
    },
    "Persistence": {
      "fpr": [
        0.0,
        0.0,
        0.0,
        0.9020618556701031,
        0.9025773195876289,
        1.0
      ],
      "tpr": [
        0.0,
        0.9938080495356038,
        1.0,
        1.0,
        1.0,
        1.0
      ]
    },
    "LateralMovement": {
      "fpr": [
        0.0,
        0.0,
        0.0,
        0.0002577319587628866,
        0.0002577319587628866,
        0.0007731958762886598,
        0.0007731958762886598,
        0.0010309278350515464,
        0.0010309278350515464,
        0.005154639175257732,
        0.005154639175257732,
        0.8190721649484536,
        0.8195876288659794,
        0.9595360824742268,
        0.9600515463917526,
        1.0
      ],