{
  "Normal": {
    "count": 10,
    "ratio": 0.001968503937007874
  },
  "InitialAccess": {
    "count": 732,
    "ratio": 0.14409448818897638
  },
  "PrivilegeEscalation": {
    "count": 723,
    "ratio": 0.1423228346456693
  },
  "Persistence": {
    "count": 731,
    "ratio": 0.1438976377952756
  },
  "LateralMovement": {
    "count": 717,
    "ratio": 0.14114173228346458
  },
  "ContainerEscape": {
    "count": 722,
    "ratio": 0.1421259842519685
  },
  "DataExfiltration": {
    "count": 722,
    "ratio": 0.1421259842519685
  },
  "Misconfiguration": {
    "count": 723,
    "ratio": 0.1423228346456693
  }
}